Education,Belief
College Graduate,Believe
College Graduate,Believe
College Graduate,Believe
College Graduate,Believe
College Graduate,Believe
College Graduate,Believe
College Graduate,Believe
College Graduate,Believe
College Graduate,Believe
College Graduate,Believe
College Graduate,Believe
College Graduate,Believe
College Graduate,Believe
College Graduate,Believe
College Graduate,Believe
College Graduate,Believe
College Graduate,Believe
College Graduate,Believe
College Graduate,Believe
College Graduate,Believe
College Graduate,Believe
College Graduate,Believe
College Graduate,Believe
College Graduate,Believe
College Graduate,Believe
College Graduate,Believe
College Graduate,Believe
College Graduate,Believe
College Graduate,Believe
College Graduate,Believe
College Graduate,Believe
College Graduate,Believe
College Graduate,Believe
College Graduate,Believe
College Graduate,Believe
College Graduate,Believe
College Graduate,Believe
College Graduate,Believe
College Graduate,Believe
College Graduate,Believe
College Graduate,Believe
College Graduate,Believe
College Graduate,Believe
College Graduate,Believe
College Graduate,Believe
College Graduate,Believe
College Graduate,Believe
College Graduate,Believe
College Graduate,Believe
College Graduate,Believe
College Graduate,Believe
College Graduate,Believe
College Graduate,Believe
College Graduate,Believe
College Graduate,Believe
College Graduate,Believe
College Graduate,Believe
College Graduate,Believe
College Graduate,Believe
College Graduate,Believe
College Graduate,Believe
College Graduate,Believe
College Graduate,Believe
College Graduate,Believe
College Graduate,Believe
College Graduate,Believe
College Graduate,Believe
College Graduate,Believe
College Graduate,Believe
College Graduate,Believe
College Graduate,Believe
College Graduate,Believe
College Graduate,Believe
College Graduate,Believe
College Graduate,Believe
College Graduate,Believe
College Graduate,Believe
College Graduate,Believe
College Graduate,Believe
College Graduate,Believe
College Graduate,Believe
College Graduate,Believe
College Graduate,Believe
College Graduate,Believe
College Graduate,Believe
College Graduate,Believe
College Graduate,Believe
College Graduate,Believe
College Graduate,Believe
College Graduate,Believe
College Graduate,Believe
College Graduate,Believe
College Graduate,Believe
College Graduate,Believe
College Graduate,Believe
College Graduate,Believe
College Graduate,Believe
College Graduate,Believe
College Graduate,Believe
College Graduate,Believe
College Graduate,Believe
College Graduate,Believe
College Graduate,Believe
College Graduate,Believe
College Graduate,Believe
College Graduate,Believe
College Graduate,Believe
College Graduate,Believe
College Graduate,Believe
College Graduate,Believe
College Graduate,Believe
College Graduate,Believe
College Graduate,Believe
College Graduate,Believe
College Graduate,Believe
College Graduate,Believe
College Graduate,Believe
College Graduate,Believe
College Graduate,Believe
College Graduate,Believe
College Graduate,Believe
College Graduate,Do Not Believe
College Graduate,Do Not Believe
College Graduate,Do Not Believe
College Graduate,Do Not Believe
College Graduate,Do Not Believe
College Graduate,Do Not Believe
College Graduate,Do Not Believe
College Graduate,Do Not Believe
College Graduate,Do Not Believe
College Graduate,Do Not Believe
College Graduate,Do Not Believe
College Graduate,Do Not Believe
College Graduate,Do Not Believe
College Graduate,Do Not Believe
College Graduate,Do Not Believe
College Graduate,Do Not Believe
College Graduate,Do Not Believe
College Graduate,Do Not Believe
College Graduate,Do Not Believe
College Graduate,Do Not Believe
College Graduate,Do Not Believe
College Graduate,Do Not Believe
College Graduate,Do Not Believe
College Graduate,Do Not Believe
College Graduate,Do Not Believe
College Graduate,Do Not Believe
College Graduate,Do Not Believe
College Graduate,Do Not Believe
College Graduate,Do Not Believe
College Graduate,Do Not Believe
College Graduate,Do Not Believe
College Graduate,Do Not Believe
College Graduate,Do Not Believe
College Graduate,Do Not Believe
College Graduate,Do Not Believe
College Graduate,Do Not Believe
College Graduate,Do Not Believe
College Graduate,Do Not Believe
College Graduate,Do Not Believe
College Graduate,Do Not Believe
College Graduate,Do Not Believe
College Graduate,Do Not Believe
College Graduate,Do Not Believe
College Graduate,Do Not Believe
College Graduate,Do Not Believe
College Graduate,Do Not Believe
College Graduate,Do Not Believe
College Graduate,Do Not Believe
College Graduate,No Opinion
College Graduate,No Opinion
College Graduate,No Opinion
College Graduate,No Opinion
College Graduate,No Opinion
College Graduate,No Opinion
College Graduate,No Opinion
College Graduate,No Opinion
College Graduate,No Opinion
College Graduate,No Opinion
College Graduate,No Opinion
College Graduate,No Opinion
College Graduate,No Opinion
College Graduate,No Opinion
College Graduate,No Opinion
College Graduate,No Opinion
College Graduate,No Opinion
College Graduate,No Opinion
College Graduate,No Opinion
College Graduate,No Opinion
College Graduate,No Opinion
College Graduate,No Opinion
College Graduate,No Opinion
College Graduate,No Opinion
College Graduate,No Opinion
College Graduate,No Opinion
College Graduate,No Opinion
College Graduate,No Opinion
College Graduate,No Opinion
College Graduate,No Opinion
College Graduate,No Opinion
College Graduate,No Opinion
College Graduate,No Opinion
College Graduate,No Opinion
College Graduate,No Opinion
College Graduate,No Opinion
College Graduate,No Opinion
College Graduate,No Opinion
College Graduate,No Opinion
College Graduate,No Opinion
College Graduate,No Opinion
College Graduate,No Opinion
College Graduate,No Opinion
College Graduate,No Opinion
College Graduate,No Opinion
College Graduate,No Opinion
College Graduate,No Opinion
College Graduate,No Opinion
College Graduate,No Opinion
College Graduate,No Opinion
College Graduate,No Opinion
College Graduate,No Opinion
College Graduate,No Opinion
College Graduate,No Opinion
College Graduate,No Opinion
College Graduate,No Opinion
College Graduate,No Opinion
College Graduate,No Opinion
College Graduate,No Opinion
High School or Less,Believe
High School or Less,Believe
High School or Less,Believe
High School or Less,Believe
High School or Less,Believe
High School or Less,Believe
High School or Less,Believe
High School or Less,Believe
High School or Less,Believe
High School or Less,Believe
High School or Less,Believe
High School or Less,Believe
High School or Less,Believe
High School or Less,Believe
High School or Less,Believe
High School or Less,Believe
High School or Less,Believe
High School or Less,Believe
High School or Less,Believe
High School or Less,Believe
High School or Less,Believe
High School or Less,Believe
High School or Less,Believe
High School or Less,Believe
High School or Less,Believe
High School or Less,Believe
High School or Less,Believe
High School or Less,Believe
High School or Less,Believe
High School or Less,Believe
High School or Less,Believe
High School or Less,Believe
High School or Less,Believe
High School or Less,Believe
High School or Less,Believe
High School or Less,Believe
High School or Less,Believe
High School or Less,Believe
High School or Less,Believe
High School or Less,Believe
High School or Less,Believe
High School or Less,Believe
High School or Less,Believe
High School or Less,Believe
High School or Less,Believe
High School or Less,Believe
High School or Less,Believe
High School or Less,Believe
High School or Less,Believe
High School or Less,Believe
High School or Less,Believe
High School or Less,Believe
High School or Less,Believe
High School or Less,Believe
High School or Less,Believe
High School or Less,Believe
High School or Less,Believe
High School or Less,Believe
High School or Less,Believe
High School or Less,Believe
High School or Less,Believe
High School or Less,Believe
High School or Less,Believe
High School or Less,Believe
High School or Less,Believe
High School or Less,Believe
High School or Less,Believe
High School or Less,Believe
High School or Less,Believe
High School or Less,Believe
High School or Less,Believe
High School or Less,Believe
High School or Less,Believe
High School or Less,Believe
High School or Less,Believe
High School or Less,Believe
High School or Less,Believe
High School or Less,Believe
High School or Less,Believe
High School or Less,Believe
High School or Less,Do Not Believe
High School or Less,Do Not Believe
High School or Less,Do Not Believe
High School or Less,Do Not Believe
High School or Less,Do Not Believe
High School or Less,Do Not Believe
High School or Less,Do Not Believe
High School or Less,Do Not Believe
High School or Less,Do Not Believe
High School or Less,Do Not Believe
High School or Less,Do Not Believe
High School or Less,Do Not Believe
High School or Less,Do Not Believe
High School or Less,Do Not Believe
High School or Less,Do Not Believe
High School or Less,Do Not Believe
High School or Less,Do Not Believe
High School or Less,Do Not Believe
High School or Less,Do Not Believe
High School or Less,Do Not Believe
High School or Less,Do Not Believe
High School or Less,Do Not Believe
High School or Less,Do Not Believe
High School or Less,Do Not Believe
High School or Less,Do Not Believe
High School or Less,Do Not Believe
High School or Less,Do Not Believe
High School or Less,Do Not Believe
High School or Less,Do Not Believe
High School or Less,Do Not Believe
High School or Less,Do Not Believe
High School or Less,Do Not Believe
High School or Less,Do Not Believe
High School or Less,Do Not Believe
High School or Less,Do Not Believe
High School or Less,Do Not Believe
High School or Less,Do Not Believe
High School or Less,Do Not Believe
High School or Less,Do Not Believe
High School or Less,Do Not Believe
High School or Less,Do Not Believe
High School or Less,Do Not Believe
High School or Less,Do Not Believe
High School or Less,Do Not Believe
High School or Less,Do Not Believe
High School or Less,Do Not Believe
High School or Less,Do Not Believe
High School or Less,Do Not Believe
High School or Less,Do Not Believe
High School or Less,Do Not Believe
High School or Less,Do Not Believe
High School or Less,Do Not Believe
High School or Less,Do Not Believe
High School or Less,Do Not Believe
High School or Less,Do Not Believe
High School or Less,Do Not Believe
High School or Less,Do Not Believe
High School or Less,Do Not Believe
High School or Less,Do Not Believe
High School or Less,Do Not Believe
High School or Less,Do Not Believe
High School or Less,Do Not Believe
High School or Less,Do Not Believe
High School or Less,Do Not Believe
High School or Less,Do Not Believe
High School or Less,Do Not Believe
High School or Less,Do Not Believe
High School or Less,Do Not Believe
High School or Less,Do Not Believe
High School or Less,Do Not Believe
High School or Less,Do Not Believe
High School or Less,Do Not Believe
High School or Less,Do Not Believe
High School or Less,Do Not Believe
High School or Less,Do Not Believe
High School or Less,Do Not Believe
High School or Less,Do Not Believe
High School or Less,Do Not Believe
High School or Less,Do Not Believe
High School or Less,Do Not Believe
High School or Less,Do Not Believe
High School or Less,Do Not Believe
High School or Less,Do Not Believe
High School or Less,Do Not Believe
High School or Less,Do Not Believe
High School or Less,Do Not Believe
High School or Less,Do Not Believe
High School or Less,Do Not Believe
High School or Less,Do Not Believe
High School or Less,Do Not Believe
High School or Less,Do Not Believe
High School or Less,Do Not Believe
High School or Less,Do Not Believe
High School or Less,Do Not Believe
High School or Less,Do Not Believe
High School or Less,Do Not Believe
High School or Less,Do Not Believe
High School or Less,Do Not Believe
High School or Less,Do Not Believe
High School or Less,Do Not Believe
High School or Less,Do Not Believe
High School or Less,Do Not Believe
High School or Less,Do Not Believe
High School or Less,No Opinion
High School or Less,No Opinion
High School or Less,No Opinion
High School or Less,No Opinion
High School or Less,No Opinion
High School or Less,No Opinion
High School or Less,No Opinion
High School or Less,No Opinion
High School or Less,No Opinion
High School or Less,No Opinion
High School or Less,No Opinion
High School or Less,No Opinion
High School or Less,No Opinion
High School or Less,No Opinion
High School or Less,No Opinion
High School or Less,No Opinion
High School or Less,No Opinion
High School or Less,No Opinion
High School or Less,No Opinion
High School or Less,No Opinion
High School or Less,No Opinion
High School or Less,No Opinion
High School or Less,No Opinion
High School or Less,No Opinion
High School or Less,No Opinion
High School or Less,No Opinion
High School or Less,No Opinion
High School or Less,No Opinion
High School or Less,No Opinion
High School or Less,No Opinion
High School or Less,No Opinion
High School or Less,No Opinion
High School or Less,No Opinion
High School or Less,No Opinion
High School or Less,No Opinion
High School or Less,No Opinion
High School or Less,No Opinion
High School or Less,No Opinion
High School or Less,No Opinion
High School or Less,No Opinion
High School or Less,No Opinion
High School or Less,No Opinion
High School or Less,No Opinion
High School or Less,No Opinion
High School or Less,No Opinion
High School or Less,No Opinion
High School or Less,No Opinion
High School or Less,No Opinion
High School or Less,No Opinion
High School or Less,No Opinion
High School or Less,No Opinion
High School or Less,No Opinion
High School or Less,No Opinion
High School or Less,No Opinion
High School or Less,No Opinion
High School or Less,No Opinion
High School or Less,No Opinion
High School or Less,No Opinion
High School or Less,No Opinion
High School or Less,No Opinion
High School or Less,No Opinion
High School or Less,No Opinion
High School or Less,No Opinion
High School or Less,No Opinion
High School or Less,No Opinion
High School or Less,No Opinion
High School or Less,No Opinion
High School or Less,No Opinion
High School or Less,No Opinion
High School or Less,No Opinion
High School or Less,No Opinion
High School or Less,No Opinion
High School or Less,No Opinion
High School or Less,No Opinion
High School or Less,No Opinion
High School or Less,No Opinion
High School or Less,No Opinion
High School or Less,No Opinion
High School or Less,No Opinion
High School or Less,No Opinion
High School or Less,No Opinion
High School or Less,No Opinion
High School or Less,No Opinion
High School or Less,No Opinion
High School or Less,No Opinion
High School or Less,No Opinion
High School or Less,No Opinion
High School or Less,No Opinion
High School or Less,No Opinion
High School or Less,No Opinion
High School or Less,No Opinion
High School or Less,No Opinion
High School or Less,No Opinion
High School or Less,No Opinion
High School or Less,No Opinion
High School or Less,No Opinion
High School or Less,No Opinion
High School or Less,No Opinion
High School or Less,No Opinion
High School or Less,No Opinion
High School or Less,No Opinion
High School or Less,No Opinion
High School or Less,No Opinion
High School or Less,No Opinion
High School or Less,No Opinion
High School or Less,No Opinion
High School or Less,No Opinion
High School or Less,No Opinion
High School or Less,No Opinion
High School or Less,No Opinion
High School or Less,No Opinion
High School or Less,No Opinion
High School or Less,No Opinion
High School or Less,No Opinion
High School or Less,No Opinion
High School or Less,No Opinion
High School or Less,No Opinion
High School or Less,No Opinion
High School or Less,No Opinion
High School or Less,No Opinion
High School or Less,No Opinion
High School or Less,No Opinion
High School or Less,No Opinion
High School or Less,No Opinion
High School or Less,No Opinion
High School or Less,No Opinion
High School or Less,No Opinion
High School or Less,No Opinion
High School or Less,No Opinion
High School or Less,No Opinion
High School or Less,No Opinion
High School or Less,No Opinion
High School or Less,No Opinion
High School or Less,No Opinion
High School or Less,No Opinion
High School or Less,No Opinion
High School or Less,No Opinion
High School or Less,No Opinion
High School or Less,No Opinion
High School or Less,No Opinion
High School or Less,No Opinion
High School or Less,No Opinion
High School or Less,No Opinion
High School or Less,No Opinion
High School or Less,No Opinion
High School or Less,No Opinion
High School or Less,No Opinion
High School or Less,No Opinion
High School or Less,No Opinion
High School or Less,No Opinion
High School or Less,No Opinion
High School or Less,No Opinion
High School or Less,No Opinion
High School or Less,No Opinion
High School or Less,No Opinion
High School or Less,No Opinion
High School or Less,No Opinion
High School or Less,No Opinion
High School or Less,No Opinion
High School or Less,No Opinion
High School or Less,No Opinion
High School or Less,No Opinion
High School or Less,No Opinion
High School or Less,No Opinion
High School or Less,No Opinion
High School or Less,No Opinion
High School or Less,No Opinion
High School or Less,No Opinion
High School or Less,No Opinion
High School or Less,No Opinion
High School or Less,No Opinion
High School or Less,No Opinion
High School or Less,No Opinion
High School or Less,No Opinion
High School or Less,No Opinion
High School or Less,No Opinion
High School or Less,No Opinion
High School or Less,No Opinion
High School or Less,No Opinion
High School or Less,No Opinion
High School or Less,No Opinion
High School or Less,No Opinion
High School or Less,No Opinion
High School or Less,No Opinion
High School or Less,No Opinion
High School or Less,No Opinion
High School or Less,No Opinion
High School or Less,No Opinion
High School or Less,No Opinion
High School or Less,No Opinion
High School or Less,No Opinion
High School or Less,No Opinion
High School or Less,No Opinion
High School or Less,No Opinion
High School or Less,No Opinion
High School or Less,No Opinion
High School or Less,No Opinion
Postgraduate,Believe
Postgraduate,Believe
Postgraduate,Believe
Postgraduate,Believe
Postgraduate,Believe
Postgraduate,Believe
Postgraduate,Believe
Postgraduate,Believe
Postgraduate,Believe
Postgraduate,Believe
Postgraduate,Believe
Postgraduate,Believe
Postgraduate,Believe
Postgraduate,Believe
Postgraduate,Believe
Postgraduate,Believe
Postgraduate,Believe
Postgraduate,Believe
Postgraduate,Believe
Postgraduate,Believe
Postgraduate,Believe
Postgraduate,Believe
Postgraduate,Believe
Postgraduate,Believe
Postgraduate,Believe
Postgraduate,Believe
Postgraduate,Believe
Postgraduate,Believe
Postgraduate,Believe
Postgraduate,Believe
Postgraduate,Believe
Postgraduate,Believe
Postgraduate,Believe
Postgraduate,Believe
Postgraduate,Believe
Postgraduate,Believe
Postgraduate,Believe
Postgraduate,Believe
Postgraduate,Believe
Postgraduate,Believe
Postgraduate,Believe
Postgraduate,Believe
Postgraduate,Believe
Postgraduate,Believe
Postgraduate,Believe
Postgraduate,Believe
Postgraduate,Believe
Postgraduate,Believe
Postgraduate,Believe
Postgraduate,Believe
Postgraduate,Believe
Postgraduate,Believe
Postgraduate,Believe
Postgraduate,Believe
Postgraduate,Believe
Postgraduate,Believe
Postgraduate,Believe
Postgraduate,Believe
Postgraduate,Believe
Postgraduate,Believe
Postgraduate,Believe
Postgraduate,Believe
Postgraduate,Believe
Postgraduate,Do Not Believe
Postgraduate,Do Not Believe
Postgraduate,Do Not Believe
Postgraduate,Do Not Believe
Postgraduate,Do Not Believe
Postgraduate,Do Not Believe
Postgraduate,Do Not Believe
Postgraduate,Do Not Believe
Postgraduate,Do Not Believe
Postgraduate,No Opinion
Postgraduate,No Opinion
Postgraduate,No Opinion
Postgraduate,No Opinion
Postgraduate,No Opinion
Postgraduate,No Opinion
Postgraduate,No Opinion
Postgraduate,No Opinion
Postgraduate,No Opinion
Postgraduate,No Opinion
Postgraduate,No Opinion
Postgraduate,No Opinion
Postgraduate,No Opinion
Some College,Believe
Some College,Believe
Some College,Believe
Some College,Believe
Some College,Believe
Some College,Believe
Some College,Believe
Some College,Believe
Some College,Believe
Some College,Believe
Some College,Believe
Some College,Believe
Some College,Believe
Some College,Believe
Some College,Believe
Some College,Believe
Some College,Believe
Some College,Believe
Some College,Believe
Some College,Believe
Some College,Believe
Some College,Believe
Some College,Believe
Some College,Believe
Some College,Believe
Some College,Believe
Some College,Believe
Some College,Believe
Some College,Believe
Some College,Believe
Some College,Believe
Some College,Believe
Some College,Believe
Some College,Believe
Some College,Believe
Some College,Believe
Some College,Believe
Some College,Believe
Some College,Believe
Some College,Believe
Some College,Believe
Some College,Believe
Some College,Believe
Some College,Believe
Some College,Believe
Some College,Believe
Some College,Believe
Some College,Believe
Some College,Believe
Some College,Believe
Some College,Believe
Some College,Believe
Some College,Believe
Some College,Believe
Some College,Believe
Some College,Believe
Some College,Believe
Some College,Believe
Some College,Believe
Some College,Believe
Some College,Believe
Some College,Believe
Some College,Believe
Some College,Believe
Some College,Believe
Some College,Believe
Some College,Believe
Some College,Believe
Some College,Believe
Some College,Believe
Some College,Believe
Some College,Believe
Some College,Believe
Some College,Believe
Some College,Believe
Some College,Believe
Some College,Believe
Some College,Believe
Some College,Believe
Some College,Believe
Some College,Believe
Some College,Believe
Some College,Believe
Some College,Believe
Some College,Believe
Some College,Believe
Some College,Believe
Some College,Believe
Some College,Believe
Some College,Believe
Some College,Believe
Some College,Believe
Some College,Believe
Some College,Believe
Some College,Believe
Some College,Believe
Some College,Believe
Some College,Believe
Some College,Believe
Some College,Believe
Some College,Believe
Some College,Believe
Some College,Believe
Some College,Believe
Some College,Believe
Some College,Believe
Some College,Believe
Some College,Believe
Some College,Believe
Some College,Believe
Some College,Believe
Some College,Believe
Some College,Believe
Some College,Believe
Some College,Believe
Some College,Believe
Some College,Believe
Some College,Believe
Some College,Believe
Some College,Believe
Some College,Believe
Some College,Believe
Some College,Believe
Some College,Believe
Some College,Believe
Some College,Believe
Some College,Believe
Some College,Believe
Some College,Believe
Some College,Believe
Some College,Believe
Some College,Believe
Some College,Believe
Some College,Do Not Believe
Some College,Do Not Believe
Some College,Do Not Believe
Some College,Do Not Believe
Some College,Do Not Believe
Some College,Do Not Believe
Some College,Do Not Believe
Some College,Do Not Believe
Some College,Do Not Believe
Some College,Do Not Believe
Some College,Do Not Believe
Some College,Do Not Believe
Some College,Do Not Believe
Some College,Do Not Believe
Some College,Do Not Believe
Some College,Do Not Believe
Some College,Do Not Believe
Some College,Do Not Believe
Some College,Do Not Believe
Some College,Do Not Believe
Some College,Do Not Believe
Some College,Do Not Believe
Some College,Do Not Believe
Some College,Do Not Believe
Some College,Do Not Believe
Some College,Do Not Believe
Some College,Do Not Believe
Some College,Do Not Believe
Some College,Do Not Believe
Some College,Do Not Believe
Some College,Do Not Believe
Some College,Do Not Believe
Some College,Do Not Believe
Some College,Do Not Believe
Some College,Do Not Believe
Some College,Do Not Believe
Some College,Do Not Believe
Some College,Do Not Believe
Some College,Do Not Believe
Some College,Do Not Believe
Some College,Do Not Believe
Some College,Do Not Believe
Some College,Do Not Believe
Some College,Do Not Believe
Some College,Do Not Believe
Some College,Do Not Believe
Some College,Do Not Believe
Some College,Do Not Believe
Some College,Do Not Believe
Some College,Do Not Believe
Some College,Do Not Believe
Some College,Do Not Believe
Some College,Do Not Believe
Some College,Do Not Believe
Some College,Do Not Believe
Some College,Do Not Believe
Some College,Do Not Believe
Some College,Do Not Believe
Some College,Do Not Believe
Some College,Do Not Believe
Some College,Do Not Believe
Some College,Do Not Believe
Some College,Do Not Believe
Some College,Do Not Believe
Some College,Do Not Believe
Some College,Do Not Believe
Some College,Do Not Believe
Some College,Do Not Believe
Some College,Do Not Believe
Some College,Do Not Believe
Some College,Do Not Believe
Some College,Do Not Believe
Some College,Do Not Believe
Some College,Do Not Believe
Some College,Do Not Believe
Some College,Do Not Believe
Some College,Do Not Believe
Some College,Do Not Believe
Some College,Do Not Believe
Some College,Do Not Believe
Some College,Do Not Believe
Some College,Do Not Believe
Some College,Do Not Believe
Some College,Do Not Believe
Some College,Do Not Believe
Some College,Do Not Believe
Some College,Do Not Believe
Some College,Do Not Believe
Some College,Do Not Believe
Some College,Do Not Believe
Some College,Do Not Believe
Some College,Do Not Believe
Some College,Do Not Believe
Some College,Do Not Believe
Some College,No Opinion
Some College,No Opinion
Some College,No Opinion
Some College,No Opinion
Some College,No Opinion
Some College,No Opinion
Some College,No Opinion
Some College,No Opinion
Some College,No Opinion
Some College,No Opinion
Some College,No Opinion
Some College,No Opinion
Some College,No Opinion
Some College,No Opinion
Some College,No Opinion
Some College,No Opinion
Some College,No Opinion
Some College,No Opinion
Some College,No Opinion
Some College,No Opinion
Some College,No Opinion
Some College,No Opinion
Some College,No Opinion
Some College,No Opinion
Some College,No Opinion
Some College,No Opinion
Some College,No Opinion
Some College,No Opinion
Some College,No Opinion
Some College,No Opinion
Some College,No Opinion
Some College,No Opinion
Some College,No Opinion
Some College,No Opinion
Some College,No Opinion
Some College,No Opinion
Some College,No Opinion
Some College,No Opinion
Some College,No Opinion
Some College,No Opinion
Some College,No Opinion
Some College,No Opinion
Some College,No Opinion
Some College,No Opinion
Some College,No Opinion
Some College,No Opinion
Some College,No Opinion
Some College,No Opinion
Some College,No Opinion
Some College,No Opinion
Some College,No Opinion
Some College,No Opinion
Some College,No Opinion
Some College,No Opinion
Some College,No Opinion
Some College,No Opinion
Some College,No Opinion
Some College,No Opinion
Some College,No Opinion
Some College,No Opinion
Some College,No Opinion
Some College,No Opinion
Some College,No Opinion
Some College,No Opinion
Some College,No Opinion
Some College,No Opinion
Some College,No Opinion
Some College,No Opinion
Some College,No Opinion
Some College,No Opinion
Some College,No Opinion
Some College,No Opinion
Some College,No Opinion
Some College,No Opinion
Some College,No Opinion
Some College,No Opinion
Some College,No Opinion
Some College,No Opinion
Some College,No Opinion
Some College,No Opinion
Some College,No Opinion
Some College,No Opinion
Some College,No Opinion
Some College,No Opinion
Some College,No Opinion
Some College,No Opinion
Some College,No Opinion
Some College,No Opinion
Some College,No Opinion
Some College,No Opinion
Some College,No Opinion
Some College,No Opinion
Some College,No Opinion
Some College,No Opinion
Some College,No Opinion
Some College,No Opinion
Some College,No Opinion
Some College,No Opinion
