Phone,Year,Sex,Hgt,Wgt,Smoke,Hand,Sibs,Birth,Haircut,Travel,GPA,Exercise,Greek,Sport,TV,Random,Award,Pierces,Tattoo,Pulse,Facebook,Twitter,Computer,SocialMedia,Class,Term
3375,2,M,66,155,No,right,2,2,0,5,2.9,15,No,Yes,8,6254,Olympic,0,No,72,1600,No,Mac,Snapchat,6,Spring19
5670,1,F,69,170,No,right,1,1,17,6,3.87,14,No,Yes,12,8888,Olympic,4,No,51,200,No,Mac,Instagram,1,Spring19
5858,1,F,64,130,No,right,2,3,40,4,3.3,5,Planning,No,5,2398,Olympic,2,No,68,500,Yes,Mac,Instagram,1,Spring19
7901,1,M,68,157,No,right,1,1,35,4,3.21,10,No,Yes,15,3571,Olympic,0,Yes,54,1000,No,Mac,Snapchat,1,Spring19
8906,1,M,72,175,No,right,3,3,20,6,3.1,2,Planning,No,5,4444,Nobel,0,No,NA,450,No,Mac,Instagram,1,Spring19
6316,3,F,62,150,No,right,1,1,50,4,3.3,8,Yes,Yes,5,4453,Olympic,4,No,86,300,Yes,Mac,Instagram,1,Spring19
5090,1,M,70,121,No,right,0,1,12,27,3.9,3,No,Yes,20,7967,Nobel,0,No,88,140,No,Mac,Instagram,1,Spring19
850,1,M,71,180,No,right,1,1,20,5.5,3.84,7,No,No,15,3827,Nobel,0,No,100,300,No,Mac,Instagram,1,Spring19
5428,1,M,72,165,No,right,2,1,10,0,3.25,3,No,No,30,8739,Nobel,0,No,62,0,Yes,PC,Snapchat,1,Spring19
4411,1,F,66,150,No,right,1,1,40,3,3.75,3,No,NA,6,9561,Nobel,0,No,84,150,No,Mac,Snapchat,1,Spring19
7478,1,F,68,152,No,right,1,2,30,2.5,3.4,10,No,Yes,5,3950,Olympic,2,No,86,148,Yes,PC,Snapchat,1,Spring19
1295,1,M,70,172,No,right,2,2,35,7,3.31,11,No,Yes,4,2113,Olympic,0,Yes,65,0,Yes,Mac,Snapchat,1,Spring19
3746,2,F,61,142,No,right,1,2,60,1.5,3.2,5,Yes,No,10,5897,Olympic,4,No,62,190,Yes,PC,Instagram,1,Spring19
4340,1,M,70,165,No,right,4,4,20,8,3,10,No,Yes,4,1234,Olympic,0,Yes,46,560,Yes,Mac,Instagram,1,Spring19
9803,1,F,64,125,No,right,1,1,40,4,3.6,10,No,Yes,2,1576,Nobel,5,No,56,113,Yes,Mac,Instagram,1,Spring19
5912,1,F,68,147,No,right,3,2,40,3,3.5,14,Planning,Yes,7,6574,Olympic,2,No,80,0,Yes,Mac,Snapchat,1,Spring19
8521,1,F,61,130,No,left,2,2,73,6,3.26,7,Planning,Yes,8,5367,Nobel,0,No,62,650,Yes,Mac,Snapchat,1,Spring19
9872,1,F,66,125,No,right,1,2,125,2,3.42,5,Planning,No,2,3716,Olympic,4,Yes,67,250,No,Mac,Snapchat,1,Spring19
590,3,F,69,157,No,right,1,2,20,2,3.2,5,No,No,10,3659,Nobel,2,No,96,300,No,PC,Snapchat,1,Spring19
8778,2,M,71,174,No,right,3,4,15,9,3.29,12,No,Yes,12,1242,Nobel,0,No,63,521,Yes,Mac,Instagram,1,Spring19
2377,1,F,54,125,No,right,1,1,60,4,3.65,7,No,No,12,5674,Nobel,2,No,75,100,Yes,Mac,Snapchat,1,Spring19
3024,1,M,70,175,No,right,2,1,10,0,3.9,15,No,Yes,4,1234,Olympic,0,No,64,0,Yes,Mac,Snapchat,1,Spring19
3668,1,M,72,187,No,right,2,1,15,1.5,3.45,6,No,No,2,3476,Olympic,0,No,73,0,Yes,Mac,Snapchat,1,Spring19
2100,1,M,72,247,No,right,2,3,25,6,3,7,No,Yes,5,1738,Olympic,0,No,70,300,Yes,PC,Instagram,1,Spring19
682,1,F,65,147,No,right,1,1,5,20,3.3,4,No,No,2,7,Academy,6,No,NA,30,Yes,PC,Other,1,Spring19
7755,1,M,70,150,No,right,1,1,25,0,3.7,2,No,No,6,1039,Nobel,0,No,60,0,No,PC,Snapchat,1,Spring19
9650,1,F,63,130,No,right,1,2,0,7,3.8,7,No,Yes,3,3854,Olympic,2,No,82,200,Yes,PC,Snapchat,1,Spring19
2965,3,M,74,155,Yes,right,1,2,25,3.5,3.3,2,No,No,5,6770,Nobel,1,Yes,58,150,Yes,PC,Instagram,3,Spring19
1995,1,M,77,220,No,right,0,1,20,12,2.8,5,Planning,No,14,3235,Olympic,0,No,68,400,No,Mac,Snapchat,3,Spring19
6553,2,M,68,165,No,right,1,1,0,35,3.2,17,No,Yes,5,5569,Olympic,0,No,58,1000,No,Mac,Instagram,3,Spring19
608,1,F,66,150,No,right,2,3,150,8,2.5,5,No,No,14,1756,Nobel,3,Yes,80,668,Yes,Mac,Snapchat,3,Spring19
8956,1,F,61,110,No,right,3,4,NA,6,3.83,4,No,No,10,3006,Nobel,0,No,68,NA,Yes,PC,Snapchat,3,Spring19
2303,1,F,68,155,No,right,2,3,80,6,3.3,4,Planning,No,12,8265,Olympic,5,Yes,84,300,No,Mac,Snapchat,3,Spring19
987,2,M,69,150,No,right,1,1,20,8.5,3.4,7.5,No,No,4,9646,Nobel,0,No,70,0,No,PC,Snapchat,3,Spring19
6109,2,M,73,220,No,right,2,1,21,7.5,2.9,8,No,Yes,6,1111,Olympic,0,No,72,300,Yes,Mac,Instagram,3,Spring19
3631,1,M,NA,140,No,right,1,1,35,10,3,14,No,Yes,10,4778,Academy,0,No,86,130,Yes,Mac,Instagram,3,Spring19
8995,1,F,54,135,No,right,2,2,25,4.5,2.8,10,No,Yes,10,1978,Nobel,9,Yes,112,400,Yes,PC,Snapchat,3,Spring19
3597,1,F,51,104,No,right,1,1,60,6,3.3,4,No,No,5,4653,Olympic,4,No,74,0,No,Mac,Snapchat,3,Spring19
4253,2,M,70,170,Yes,right,2,3,20,6,2.9,2,Yes,No,10,7543,Academy,0,No,48,500,No,Mac,Snapchat,3,Spring19
5717,1,F,65,250,No,right,2,2,20,5,3.5,5,No,No,10,604,Nobel,3,Yes,92,350,Yes,NA,Snapchat,3,Spring19
7702,2,M,71,188,Yes,right,1,2,30,6,2.68,10,No,Yes,14,1697,Nobel,0,No,62,500,Yes,PC,Other,3,Spring19
2002,1,M,70,134,No,right,0,1,20,4,3.5,16,No,Yes,4,3301,Olympic,0,No,NA,0,No,PC,Snapchat,3,Spring19
9834,1,F,68,125,No,right,2,1,45,6,3.75,4,No,No,6,7543,Nobel,8,No,72,NA,No,Mac,Instagram,3,Spring19
7669,2,M,74,185,No,right,3,1,15,12,2.62,14,No,Yes,15,4653,Academy,0,No,74,800,Yes,Mac,Instagram,3,Spring19
6635,1,F,65,120,No,right,1,2,16,5,3.64,10,No,Yes,5,5682,Nobel,2,No,82,300,No,Mac,Snapchat,3,Spring19
750,1,M,69,165,No,right,2,3,25,7,3.4,12,No,Yes,4,5892,Olympic,0,Yes,62,0,No,Mac,Instagram,7,Spring19
2143,1,F,67,120,No,right,1,1,25,3.5,3.94,4,No,No,4,8723,Olympic,2,No,96,533,Yes,PC,Snapchat,3,Spring19
7439,1,NA,65,128,No,right,1,2,20,4,3.06,6,No,No,8,4628,Olympic,3,Yes,74,669,No,Mac,Snapchat,3,Spring19
644,1,F,70,165,No,left,1,2,120,1,2.8,7,No,Yes,14,5496,Olympic,7,Yes,70,1253,Yes,PC,Snapchat,3,Spring19
9271,1,F,68,160,No,right,2,1,200,12,3.8,30,No,Yes,10,4,Olympic,4,No,80,1100,No,Mac,Instagram,3,Spring19
7199,1,F,56,121,Yes,right,0,1,50,22,2.5,7,No,No,7,2389,Academy,10,No,86,500,No,Mac,Instagram,3,Spring19
7842,2,M,70,135,Yes,right,2,2,3,42,2.2,12,No,Yes,10,1711,Academy,0,No,70,400,No,PC,Snapchat,3,Spring19
700,1,F,65,139,No,right,1,1,80,6,3.75,2,No,No,3,6785,Nobel,3,No,107,400,No,Mac,Snapchat,4,Spring19
NA,4,M,71,170,No,right,1,1,25,6.5,3.86,3,No,No,3,9801,Nobel,0,No,82,400,Yes,PC,Instagram,4,Spring19
6578,1,M,70,180,No,right,1,1,13,8,3.6,15,No,No,15,8786,Olympic,0,No,70,1000,Yes,Mac,Snapchat,4,Spring19
6854,2,M,71,155,No,right,2,1,35,2.4,3.3,3,No,No,4,4678,Nobel,0,No,70,1100,Yes,Mac,Instagram,4,Spring19
2397,2,M,70,NA,Yes,right,0,1,30,7,2.8,6,No,No,7,1000,Olympic,0,Yes,108,2000,Yes,Mac,Instagram,4,Spring19
3040,3,M,68,140,No,right,1,2,16,6,NA,10,Planning,No,21,3591,Olympic,0,No,46,0,No,Mac,Other,4,Spring19
2721,2,F,67,155,No,right,1,1,60,6,2.9,2,Planning,No,5,9699,Nobel,3,No,88,750,Yes,Mac,Instagram,4,Spring19
9864,1,M,69,150,Yes,right,3,2,15,6,2.5,5,Planning,No,21,1466,Olympic,0,No,96,450,Yes,Mac,Snapchat,4,Spring19
7891,2,F,54,167,No,right,1,2,55,6,3.5,4,No,No,24,6797,Nobel,9,No,96,880,No,Mac,Instagram,4,Spring19
4441,4,M,68,155,No,right,3,3,20,6.5,3.4,16,No,Yes,1,9787,Olympic,0,No,58,650,No,Mac,Instagram,4,Spring19
5981,2,M,69,150,Yes,right,2,3,20,7,3.2,5,Yes,No,5,6996,Nobel,0,No,86,1278,Yes,Mac,Instagram,4,Spring19
8873,1,F,62,118,No,right,3,2,0,6,3.53,2,No,NA,7,5864,Olympic,4,No,80,200,No,Mac,Snapchat,4,Spring19
1777,1,M,74,185,No,left,2,2,20,6,3.66,15,No,NA,30,4786,Olympic,0,No,88,0,No,Mac,Instagram,4,Spring19
9551,1,M,72,175,No,right,2,1,15,3.5,3.95,10,No,Yes,5,1234,Nobel,0,No,95,900,No,Mac,Instagram,4,Spring19
5436,1,M,71,230,No,right,2,2,15,6,3.6,4,No,No,10,7689,Academy,1,No,72,200,Yes,PC,Instagram,4,Spring19
8617,1,F,62,118,No,right,2,3,75,4,3.4,7,No,No,6,2457,Nobel,2,No,96,522,No,Mac,Snapchat,4,Spring19
2886,1,F,68,NA,No,right,5,2,0,12,NA,7,No,No,NA,4209,Nobel,5,Yes,NA,127,Yes,PC,Twitter,4,Spring19
1880,1,F,60,113,No,right,2,2,70,5,3.8,3,No,No,8,2935,Olympic,2,No,60,200,Yes,Mac,Instagram,4,Spring19
8166,1,M,72,235,Yes,right,3,1,16,3,3.24,8,No,Yes,10,5278,Nobel,0,No,108,233,Yes,PC,Snapchat,4,Spring19
7677,1,F,68,156,No,left,4,2,30,0.01,3.22,2,Planning,No,14,6874,Olympic,2,No,86,1100,Yes,PC,Snapchat,4,Spring19
1128,1,M,71,190,Yes,right,1,1,22,3,3.1,20,Planning,Yes,25,7469,Olympic,0,No,60,850,Yes,Mac,Snapchat,4,Spring19
502,2,M,70,184,No,right,1,2,28,7,2.5,6,No,Yes,20,6512,Olympic,1,No,58,1686,Yes,PC,Instagram,4,Spring19
1694,1,M,NA,155,No,right,0,1,7,25,NA,NA,No,No,20,1314,Nobel,0,No,34,162,No,Mac,Facebook,4,Spring19
7250,1,M,NA,NA,No,right,1,1,30,30,NA,NA,NA,No,10,8645,NA,1,No,64,NA,No,Mac,Other,4,Spring19
4465,2,M,69,165,No,right,5,6,12,2,3,4,No,Yes,28,3129,Olympic,0,Yes,90,0,Yes,PC,Instagram,4,Spring19
9466,2,M,72,185,No,right,1,2,35,7,3,6,Yes,No,20,0,Olympic,0,Yes,62,700,No,Mac,Snapchat,4,Spring19
7000,1,M,77,190,No,right,2,2,20,3.5,3,13,No,Yes,10,8129,Olympic,0,Yes,47,NA,Yes,Mac,Twitter,2,Spring19
952,2,F,64,145,No,right,2,1,30,9,3.03,4,Yes,Yes,1,1749,Academy,7,No,56,300,Yes,Mac,Instagram,2,Spring19
3525,3,F,66,175,No,right,2,2,65,1.5,3.2,15,No,Yes,5,9624,Olympic,3,No,72,800,Yes,PC,Snapchat,2,Spring19
93,2,F,65,123,No,right,2,1,330,24,NA,0,No,No,4,2341,Nobel,0,No,NA,360,Yes,Mac,Instagram,2,Spring19
6435,3,F,69,145,Yes,right,1,2,200,3,3.78,12,Yes,Yes,5,8214,Academy,2,No,54,1000,Yes,Mac,Snapchat,2,Spring19
8265,1,F,61,115,No,right,2,3,0,7,3.2,10,Planning,Yes,5,1084,Olympic,2,No,63,0,No,Mac,Instagram,2,Spring19
1008,1,F,66,150,No,right,2,1,25,6,3.8,12,No,Yes,2,1672,Olympic,3,No,52,100,Yes,Mac,Instagram,2,Spring19
8722,1,M,70,167,No,right,2,1,25,6,1.5,9,Planning,Yes,5,606,Nobel,0,No,68,500,Yes,Mac,Snapchat,2,Spring19
5374,1,F,64,127,No,right,1,1,0,3.5,3.36,4,Planning,No,20,2052,Nobel,8,No,70,724,Yes,Mac,Snapchat,2,Spring19
8898,1,M,71,146,No,right,1,1,30,6,1.8,8,No,No,20,9514,Olympic,0,No,82,1100,Yes,Mac,Instagram,2,Spring19
758,2,F,65,130,No,right,2,3,130,2.5,3.6,13,No,No,4,2576,Olympic,19,Yes,29,500,Yes,Mac,Snapchat,2,Spring19
3899,1,F,64,130,No,right,5,6,25,3,3.6,5,No,No,15,2712,Academy,4,No,68,750,Yes,Mac,Snapchat,2,Spring19
2199,1,F,65,155,No,left,2,2,30,6,3.25,5,No,No,4,3428,Nobel,7,No,74,500,Yes,Mac,Instagram,2,Spring19
8514,1,M,71,168,No,right,1,2,20,3.5,3.58,7.5,No,No,4,6139,Nobel,0,No,69,350,No,PC,Instagram,2,Spring19
9651,1,M,71,NA,Yes,left,2,2,15,2.5,3.8,3,Planning,No,15,64,Nobel,0,No,73,400,No,Mac,Snapchat,2,Spring19
1179,1,M,67,175,No,right,3,2,28,7,3.43,12,No,Yes,6,7243,Academy,0,No,56,200,Yes,Mac,Instagram,2,Spring19
6582,3,M,72,175,Yes,left,1,2,25,12,3.01,3,No,No,6,3872,Nobel,0,No,78,261,No,Mac,Facebook,2,Spring19
8085,4,M,74,160,No,right,1,2,10,24,3.2,6,No,No,10,0,Nobel,2,No,81,300,No,PC,Instagram,2,Spring19
2595,2,M,72,160,No,right,3,1,70,5,3,30,No,Yes,4,3210,Nobel,0,No,57,2226,No,PC,Instagram,2,Spring19
4822,1,F,65,155,No,right,2,1,30,9,3.11,10,No,Yes,6,1726,Nobel,2,Yes,72,400,Yes,Mac,Snapchat,2,Spring19
149,1,M,65,163,No,right,4,1,20,22,3.89,7,No,No,14,1719,Nobel,0,No,70,1000,Yes,Mac,Instagram,2,Spring19
557,1,M,68,160,No,right,1,2,50,26,2.8,2,No,No,12,3624,Olympic,0,No,81,600,Yes,Mac,Instagram,2,Spring19
8518,1,M,75,175,No,left,2,1,20,7,3.3,15,No,Yes,5,2323,Olympic,0,No,65,0,Yes,Mac,Instagram,2,Spring19
6684,1,M,72,194,No,right,1,2,24,36,3.7,14,No,Yes,3,3629,Nobel,0,No,65,0,No,Mac,Instagram,2,Spring19
2622,1,M,72,185,No,right,3,2,10,0.3,3.4,10,No,Yes,20,1111,Olympic,0,No,72,250,Yes,Mac,Instagram,2,Spring19
4382,1,M,72,195,No,right,2,2,23,6.5,3.4,10,No,Yes,10,3033,Nobel,0,No,74,500,Yes,Mac,Twitter,2,Spring19
8232,1,M,70,155,No,right,3,2,10,3,3.75,15,No,Yes,15,5011,Olympic,0,No,38,NA,No,Mac,Instagram,2,Spring19
7136,1,F,64,132,Yes,right,1,1,20,27,3.35,2,No,No,10,9417,Nobel,2,No,97,244,No,PC,Instagram,2,Spring19
6360,1,F,66,150,No,right,1,2,130,6,3.3,6,No,No,10,2175,Nobel,2,Yes,43,250,Yes,PC,Instagram,2,Spring19
2886,2,M,71,165,No,right,2,1,20,2,3.58,2,No,No,10,6148,Olympic,0,No,70,100,Yes,Mac,Snapchat,2,Spring19
2906,1,M,71,185,No,right,3,3,23,1,3,17,No,Yes,5,909,Nobel,2,Yes,68,3000,Yes,PC,Twitter,2,Spring19
1152,1,F,69,155,No,left,1,2,50,7,3.3,7,No,Yes,15,5237,Olympic,2,No,73,0,No,Mac,Snapchat,2,Spring19
8073,2,M,68,158,Yes,right,3,4,30,7,3.3,5,Yes,Yes,8,2424,Nobel,0,No,63,1000,Yes,Mac,Instagram,2,Spring19
1911,1,F,65,125,No,right,1,1,20,2.5,3.06,2,No,Yes,3,2478,Olympic,2,No,68,0,No,PC,Snapchat,2,Spring19
1584,1,M,NA,NA,No,right,NA,1,12,18,NA,NA,No,No,5,1576,Nobel,NA,NA,NA,0,Yes,NA,Other,2,Spring19
2789,1,F,64,131,No,right,5,2,130,7,3.1,6,No,No,3,1345,Academy,5,No,65,500,Yes,Mac,Instagram,2,Spring19
6022,4,F,69,160,No,right,2,3,60,2.5,3.5,2,No,No,8,7321,Nobel,2,No,80,500,No,Mac,Snapchat,6,Spring19
6827,2,M,71,170,No,right,0,1,15,5.5,3.6,16,Planning,Yes,8,1234,Olympic,0,No,60,650,Yes,Mac,Instagram,6,Spring19
9227,2,F,66,135,No,right,1,2,100,6,3.25,14,Yes,Yes,7,1200,Olympic,2,No,NA,NA,No,Mac,Snapchat,6,Spring19
2204,1,M,72,160,No,right,2,3,20,4.5,3.08,4,No,No,0,1234,Olympic,0,No,84,300,No,Mac,Instagram,6,Spring19
1445,1,F,64,130,No,right,1,2,NA,4.5,3.3,5,No,Yes,8,9576,Olympic,2,No,78,0,Yes,Mac,Snapchat,6,Spring19
8790,2,F,69,140,No,right,1,2,50,8.5,3,1,No,No,8,6666,Academy,2,No,79,150,Yes,Mac,Instagram,6,Spring19
1560,2,F,64,131,No,right,2,2,20,6,3.7,13,No,Yes,2,4753,Olympic,5,No,78,200,Yes,PC,Instagram,6,Spring19
3530,1,F,64,125,No,right,1,2,30,4,3.2,14,No,Yes,3,7639,Olympic,5,Yes,60,1092,Yes,Mac,Snapchat,6,Spring19
8792,4,M,71,170,No,right,1,1,12,6,3.5,3,No,No,0,2435,Olympic,0,No,82,800,No,Mac,Instagram,6,Spring19
4245,2,F,67,145,No,left,1,2,17,4,3.3,16,No,Yes,12,6792,Olympic,2,No,68,400,No,PC,Instagram,6,Spring19
9462,3,F,70,170,No,right,1,2,20,7,3.4,20,No,Yes,30,6994,Olympic,5,No,67,1000,No,PC,Facebook,6,Spring19
7979,2,M,74,210,No,left,4,2,50,5,3.81,30,No,Yes,20,1234,Olympic,0,No,80,1600,Yes,Mac,Instagram,6,Spring19
7066,2,F,64,185,No,right,1,2,0,1,3.3,1,No,No,5,1254,Nobel,6,Yes,66,500,No,Mac,Facebook,6,Spring19
5139,2,F,67,140,No,left,5,5,30,3,3.04,15,No,Yes,4,1259,Nobel,2,No,72,700,No,Mac,Snapchat,6,Spring19
5313,2,M,75,200,No,right,1,1,30,4,3.4,35,No,Yes,10,4212,Olympic,0,No,54,1000,No,Mac,Snapchat,6,Spring19
7752,1,M,73,180,No,right,2,2,25,3,3.4,7,Planning,No,12,9573,Olympic,0,No,64,100,Yes,Mac,Instagram,6,Spring19
3814,2,F,64,130,No,left,0,1,70,1.15,3.2,2.5,No,Yes,15,9465,Nobel,4,Yes,94,957,Yes,Mac,Snapchat,6,Spring19
4344,1,F,NA,125,No,right,2,1,38,2.5,2.8,4,No,Yes,5,3862,Olympic,2,No,55,240,No,Mac,Snapchat,6,Spring19
4161,2,M,80,245,No,right,1,2,20,7,3.32,35,No,Yes,14,4027,Olympic,0,No,56,558,Yes,Mac,Instagram,6,Spring19
4441,1,M,69,173,No,right,4,1,25,5,3.17,8,No,Yes,5,1253,Academy,0,No,69,0,Yes,PC,Twitter,6,Spring19
691,1,F,61,130,No,right,1,2,20,3.5,3.83,5,No,No,5,4621,Nobel,4,No,74,327,No,Mac,Snapchat,6,Spring19
1847,2,F,64,130,No,right,3,3,40,2.5,3.7,6,Yes,Yes,4,7354,Nobel,6,Yes,89,140,Yes,Mac,Snapchat,6,Spring19
1106,1,M,70,182,No,right,1,1,35,6,3.5,10,No,Yes,17,2979,Olympic,1,No,NA,120,Yes,Mac,Instagram,6,Spring19
1372,2,M,67,191,No,right,2,2,17,5,2.8,15,Yes,Yes,7,8035,Olympic,0,No,75,1200,No,Mac,Snapchat,7,Spring19
3048,1,M,71,170,No,right,1,1,30,4.5,3.75,25,No,Yes,14,2354,Nobel,0,No,80,500,Yes,Mac,Instagram,7,Spring19
7858,4,M,70,160,No,right,1,1,15,3,3.78,3,No,No,6,1687,Nobel,0,No,70,400,No,Mac,Snapchat,7,Spring19
8990,2,F,67,150,No,right,1,2,0,6,3.5,3,No,No,1,3749,Olympic,5,Yes,70,800,No,Mac,Instagram,7,Spring19
7765,2,M,65,135,No,right,1,2,14,4,3.3,4,No,No,3,6538,Academy,0,No,84,500,Yes,PC,Snapchat,7,Spring19
3837,1,M,72,180,No,right,2,3,35,17,3.75,8,No,No,3,5463,Olympic,0,No,63,700,No,Mac,Instagram,7,Spring19
8900,1,F,63,110,No,right,1,2,27,3,3.67,0,No,No,21,6744,Academy,0,Yes,96,13,No,PC,Snapchat,7,Spring19
2465,1,F,64,150,No,left,3,4,35,8,3.9,2,No,No,10,3678,Olympic,2,No,70,200,Yes,Mac,Instagram,7,Spring19
1074,2,F,66,140,No,right,1,2,10,5,3.39,10,No,Yes,5,8491,Olympic,0,No,65,200,No,Mac,Snapchat,7,Spring19
9670,1,F,62,140,No,right,1,1,65,5.75,3.5,18,Yes,Yes,3,5482,Olympic,4,No,70,500,No,Mac,Snapchat,7,Spring19
279,2,F,62,144,Yes,right,2,1,3,12,3,5,No,No,5,1111,Nobel,4,No,72,1000,No,PC,Snapchat,7,Spring19
4003,4,M,72,135,Yes,right,2,1,20,8,3.3,9,No,No,20,8364,Nobel,1,Yes,80,400,No,PC,Instagram,7,Spring19
6177,1,M,73,180,No,right,3,1,25,7,3.5,10,No,Yes,9,2525,Olympic,0,No,64,100,Yes,Mac,Snapchat,7,Spring19
1494,3,M,73,170,Yes,left,3,3,0,4.5,3.5,0,No,No,4,6290,Nobel,2,Yes,56,954,No,Mac,Facebook,7,Spring19
9862,1,M,67,166,No,right,1,1,12,3.5,3,8,Planning,Yes,3,6745,Academy,0,No,75,0,Yes,Mac,Snapchat,7,Spring19
7308,1,M,70,147,No,right,3,3,26,6,2.7,18,No,Yes,0.5,2242,Olympic,1,Yes,78,65,Yes,Mac,Snapchat,7,Spring19
7558,1,M,71,145,No,right,1,2,20,14,2.9,8,No,Yes,14,6845,Olympic,0,No,106,75,Yes,Mac,Snapchat,7,Spring19
9204,2,M,69,160,Yes,left,1,2,12,6,3,8,Planning,Yes,10,1234,Olympic,0,No,60,500,No,Mac,Facebook,7,Spring19
8027,1,F,61,124,No,right,3,1,20,6,3,0,No,No,5,7484,Nobel,0,No,93,100,No,PC,Other,7,Spring19
6479,2,F,63,110,No,right,1,2,45,6,3.32,5,Yes,No,5,2323,Academy,3,Yes,64,900,No,Mac,Other,7,Spring19
6214,2,F,63,125,No,right,2,3,20,7,3.3,0,Yes,No,4,6578,Nobel,3,No,72,500,No,Mac,Instagram,7,Spring19
3800,2,F,69,140,No,right,5,6,120,3.5,3.48,3,Yes,No,4,8817,Nobel,2,No,75,1371,No,Mac,Snapchat,7,Spring19
6692,2,M,77,183,No,right,3,2,35,2,NA,8,Planning,No,10,6473,Olympic,0,No,65,987,No,Mac,Instagram,8,Spring19
4044,2,M,72,170,No,right,1,2,30,4,3.4,15,No,Yes,12,7642,Nobel,0,No,72,0,No,Mac,Snapchat,8,Spring19
7803,4,F,60,125,No,right,0,1,0,3.25,3.72,12,No,No,10,4376,Olympic,11,Yes,60,800,Yes,Mac,Instagram,8,Spring19
1802,1,M,77,210,No,right,4,3,30,6,3.6,5,Planning,Yes,4,4286,Nobel,0,No,62,500,Yes,Mac,Instagram,8,Spring19
5479,2,M,69,144,No,right,1,1,18,4,3.4,6,No,No,6,4384,Olympic,0,No,80,350,No,Mac,Instagram,8,Spring19
5313,1,M,72,150,No,right,2,3,35,3,3.93,8,No,No,5,4791,Olympic,0,No,60,230,No,Mac,Snapchat,8,Spring19
1762,1,F,66,150,No,right,1,2,150,8,3.8,2,Planning,No,2,8188,Academy,2,No,78,250,Yes,Mac,Snapchat,8,Spring19
8566,1,F,66,150,No,left,2,3,30,2.5,3.44,7,No,No,10,7543,Nobel,5,Yes,90,150,Yes,Mac,Snapchat,8,Spring19
9570,1,F,68,143,No,right,1,1,325,10,NA,8,Planning,No,7,8888,NA,7,No,63,980,Yes,Mac,Instagram,8,Spring19
2537,2,M,73,170,Yes,right,1,2,50,7,3.6,2,Planning,No,5,7391,Nobel,0,No,78,800,Yes,Mac,Snapchat,8,Spring19
2927,1,M,71,170,No,right,1,2,10,0.5,3.4,3,No,No,15,2214,Olympic,0,No,NA,100,Yes,Mac,Snapchat,8,Spring19
7570,1,F,65,150,No,right,1,1,65,6,3.44,5,No,No,10,6394,Olympic,2,No,75,542,No,Mac,Instagram,8,Spring19
1032,2,F,65,145,Yes,right,0,1,30,2.5,3.46,0,No,No,20,1708,Nobel,4,Yes,36,331,Yes,Mac,Instagram,8,Spring19
9906,1,F,64,118,No,right,0,1,190,3,2.5,2,No,No,5,7350,Nobel,12,Yes,66,2500,Yes,Mac,Snapchat,8,Spring19
7534,1,F,64,156,No,right,3,1,60,6,3.89,6,No,Yes,10,9830,Nobel,5,No,62,187,Yes,Mac,Snapchat,8,Spring19
6370,3,M,72,184,No,right,1,2,21,1.25,3.82,4.5,No,No,3,6719,Nobel,0,No,65,250,No,Mac,Snapchat,8,Spring19
5891,1,M,71,200,No,right,1,1,0,3,3.4,10,No,Yes,5,9182,Olympic,0,No,70,500,Yes,PC,Snapchat,8,Spring19
2456,1,F,61,147,No,right,1,1,0,7,2.7,4,No,No,18,2210,Nobel,2,No,65,200,Yes,Mac,Instagram,8,Spring19
5545,1,M,72,150,No,right,2,3,20,6.5,2.9,6,Planning,No,4,6787,Nobel,0,No,68,500,Yes,Mac,Instagram,8,Spring19
614,1,F,68,150,Yes,right,2,2,75,6,3.44,3,Planning,No,10,6729,Nobel,10,No,72,987,No,Mac,Snapchat,8,Spring19
3223,1,M,75,173,No,right,3,2,20,12,3.25,10,No,Yes,4,8756,Olympic,0,No,65,900,Yes,Mac,Snapchat,8,Spring19
6569,1,M,77,140,No,right,2,1,25,4.5,3.1,2,No,No,15,3580,Nobel,0,No,100,500,No,PC,Instagram,8,Spring19
7274,1,F,NA,100,No,right,0,1,35,24,3.5,5,No,No,10,6549,Academy,5,No,NA,15,No,Mac,Snapchat,8,Spring19
6782,1,F,64,116,Yes,right,0,1,80,1,3.3,3,Planning,Yes,5,1265,Nobel,4,No,92,300,No,Mac,Instagram,8,Spring19
7108,1,M,67,165,Yes,right,2,3,6,18,3.5,1,No,No,15,6438,Nobel,0,No,75,1078,No,PC,Facebook,8,Spring19
5824,1,F,66,155,No,right,1,2,80,1,3,5,No,No,8,4582,Olympic,2,Yes,78,200,No,PC,Snapchat,8,Spring19
5236,1,F,68,137,Yes,right,1,1,0,20,3,10,No,Yes,4,6734,Olympic,4,Yes,79,198,No,Mac,Snapchat,8,Spring19
4905,1,F,59,135,No,right,5,5,80,6,NA,18,No,Yes,6,3257,Nobel,4,No,NA,4951,No,NA,Instagram,8,Spring19
5578,1,M,71,175,No,right,3,2,15,3.5,3,7,No,Yes,7,4765,Olympic,0,No,56,370,No,Mac,Snapchat,1,Spring19
7436,1,F,63,115,No,right,1,2,50,7,3.66,2,No,No,15,3865,Nobel,2,No,NA,153,No,Mac,Snapchat,5,Spring19
5330,2,F,62,140,No,right,5,6,0,1,3.36,2,No,No,7,4051,Nobel,4,Yes,85,0,No,Mac,Instagram,5,Spring19
3878,2,M,71,150,Yes,right,2,2,40,6.5,3.01,4,No,No,6,1789,Olympic,0,No,75,999,No,Mac,Instagram,5,Spring19
3328,2,F,68,190,No,right,4,4,20,4.5,3.34,10,No,Yes,3,4333,Nobel,6,Yes,80,800,No,NA,Instagram,5,Spring19
3774,2,F,64,120,No,right,2,2,20,2.5,3.55,0,No,No,2,5353,Nobel,10,Yes,66,0,No,Mac,Instagram,5,Spring19
6555,2,M,72,180,Yes,right,1,1,18,7,3.5,10,No,No,10,5830,Nobel,0,No,72,376,No,Mac,Instagram,5,Spring19
9507,2,F,63,130,No,right,1,2,20,6,3,0,No,No,10,5931,Nobel,9,Yes,195,269,Yes,Mac,Instagram,5,Spring19
9027,2,M,72,176,Yes,right,1,2,20,7,3.1,6,Yes,No,12,3478,Nobel,0,No,160,750,No,Mac,Instagram,5,Spring19
9596,2,M,74,275,No,right,1,2,25,7.5,2.8,5,No,Yes,20,1119,Olympic,0,Yes,76,257,Yes,PC,Twitter,5,Spring19
1217,1,F,54,142,No,right,6,1,35,3.5,3.12,4,No,No,5,4586,Olympic,2,Yes,NA,50,Yes,PC,Snapchat,5,Spring19
1071,1,F,64,135,No,right,1,2,60,4.5,2.92,0,No,No,7,1234,Nobel,8,Yes,NA,469,Yes,Mac,Snapchat,5,Spring19
9076,2,M,70,176,Yes,right,1,1,18,8,3.6,7,Yes,No,4,5435,Olympic,0,No,80,383,No,Mac,Instagram,5,Spring19
8196,3,M,74,161,No,right,2,1,25,24,2.5,12,Yes,Yes,8,7627,Academy,0,Yes,70,1300,No,Mac,Instagram,5,Spring19
608,1,F,66,180,No,right,2,3,140,7,NA,7,No,No,7,1756,Academy,5,Yes,100,400,Yes,Mac,Snapchat,1,Fall18
7657,1,F,64,170,No,left,2,3,NA,1,NA,10,No,No,14,6528,Nobel,2,No,75,150,No,PC,None,1,Fall18
4386,1,F,63,120,No,right,1,1,130,5,NA,1,No,No,2,9936,Nobel,2,No,71,300,No,Mac,Instagram,1,Fall18
5777,2,F,60,NA,No,right,3,1,16,4,NA,6,No,No,5,1005,Nobel,2,No,60,400,No,Mac,Snapchat,1,Fall18
6418,2,F,62,109,Yes,right,1,1,50,1,3.5,10,No,No,30,3825,Nobel,3,Yes,79,300,Yes,Mac,Instagram,1,Fall18
8857,3,M,69,170,No,right,1,2,15,15,NA,15,No,Yes,5,1234,Olympic,0,No,60,1000,Yes,PC,Instagram,1,Fall18
8043,3,F,68,156,No,right,2,3,40,6,3.64,15,No,Yes,5,6457,Olympic,7,Yes,70,450,No,Mac,Snapchat,1,Fall18
7939,2,F,65,180,No,right,4,1,40,21,3.1,5,No,No,2,5983,Nobel,2,Yes,65,600,No,Mac,Instagram,1,Fall18
2376,2,M,67,160,No,right,3,1,17,4,2.5,14,No,Yes,30,2468,Olympic,0,No,60,300,Yes,PC,Twitter,1,Fall18
667,1,F,64,130,No,right,1,2,50,6.5,NA,5,No,No,3,4587,Olympic,2,No,60,700,No,Mac,Instagram,1,Fall18
2507,3,M,69,175,No,right,2,2,20,6,2.9,4,No,Yes,7,8116,Olympic,0,No,52,450,No,Mac,Instagram,1,Fall18
9581,4,M,74,220,No,both,2,2,0,13,3.3,12,No,Yes,5,6511,Olympic,0,Yes,120,1000,Yes,Mac,Snapchat,1,Fall18
8924,3,M,67,160,Yes,left,3,3,20,3,3.4,10,No,Yes,8,973,Olympic,0,No,60,400,No,Mac,Snapchat,1,Fall18
4399,2,F,65,120,No,left,1,2,35,6,3.58,4,No,No,5,1188,Nobel,2,NA,64,800,No,Mac,Instagram,1,Fall18
1135,1,F,64,135,No,right,4,2,25,6,NA,7,No,No,5,5678,Nobel,2,No,72,582,Yes,Mac,Snapchat,1,Fall18
3074,1,M,66,110,No,right,1,1,19,5,NA,7,No,No,5,6385,Olympic,0,No,71,0,Yes,PC,Snapchat,1,Fall18
6145,2,F,69,140,No,right,2,2,0,5.5,3.6,12,No,Yes,0,5675,Olympic,2,No,98,1000,Yes,PC,Instagram,1,Fall18
1831,1,F,NA,100,No,right,2,1,15,17,NA,5,Planning,No,0,8,Academy,2,No,60,322,No,Mac,Instagram,1,Fall18
6010,2,M,72,173,No,left,2,2,35,7.5,3.22,5,No,No,4,1234,Olympic,0,No,52,750,No,PC,Instagram,1,Fall18
9909,2,F,63,120,Yes,right,0,1,50,30,3,14,No,No,20,221,Olympic,4,Yes,65,60,No,Mac,Other,1,Fall18
1912,2,F,64,113,No,right,1,2,30,11,3.3,12,No,Yes,12,5623,Nobel,0,No,75,682,No,Mac,Snapchat,1,Fall18
609,3,F,62,100,No,right,3,1,52,3.5,3.7,7,No,No,12,8014,Olympic,16,No,103,200,Yes,Mac,Snapchat,4,Fall18
3826,2,F,66,105,No,right,2,2,80,2.5,4,7,Planning,No,7,2008,Academy,5,No,75,175,Yes,PC,Instagram,1,Fall18
17,2,F,70,150,No,right,1,2,40,7,3.7,22,No,Yes,5,1765,Olympic,7,No,50,700,Yes,Mac,Instagram,1,Fall18
998,1,M,NA,NA,No,right,1,2,20,25,NA,5,No,No,4,6543,Academy,0,No,110,1100,No,PC,Facebook,1,Fall18
4802,1,F,74,155,No,right,2,2,50,11,NA,11,No,Yes,10,6309,Olympic,0,No,NA,1351,Yes,Mac,Snapchat,1,Fall18
7785,2,M,67,148,No,left,3,4,25,3,3.7,12,No,No,2,5994,Nobel,0,No,67,400,No,PC,Facebook,1,Fall18
191,2,M,74,158,No,right,2,2,17,6,NA,14,No,Yes,6,5439,Nobel,0,No,52,NA,No,PC,Instagram,3,Fall18
4986,1,F,64,155,No,right,2,1,32,7,NA,3,No,No,4,8574,Nobel,2,No,80,525,Yes,PC,Instagram,3,Fall18
7793,1,F,64,125,No,right,2,1,45,6.5,NA,18,Planning,Yes,6,9876,Olympic,4,No,70,600,No,Mac,Snapchat,3,Fall18
1480,1,M,66,148,No,right,3,3,15,8,NA,10,No,Yes,15,4733,Olympic,0,No,62,150,Yes,Mac,Twitter,3,Fall18
3517,2,M,71,153,No,right,2,3,15,4,2.92,15,No,Yes,12,7421,Olympic,0,No,66,200,No,Mac,Snapchat,3,Fall18
9106,1,F,70,123,No,right,2,1,NA,5.5,NA,6,No,Yes,15,4359,Nobel,2,No,NA,NA,No,Mac,Instagram,3,Fall18
8333,2,F,59,115,No,left,2,1,0,7,3.6,2,No,No,10,6592,Nobel,6,Yes,62,1400,Yes,PC,Facebook,3,Fall18
939,1,F,62,125,No,right,3,3,60,7,NA,5,Planning,Yes,10,8365,Olympic,2,Yes,82,750,No,Mac,Instagram,3,Fall18
2438,2,F,64,140,No,right,1,2,40,4,3.9,20,No,No,5,3133,Academy,5,No,72,30,No,Mac,Instagram,3,Fall18
5529,2,F,67,NA,No,left,1,1,200,6,3.2,17,Planning,Yes,10,5656,Olympic,8,Yes,52,1200,Yes,Mac,Instagram,3,Fall18
1088,2,M,73,215,No,right,2,3,22,5,3.33,6,No,No,12,8527,Nobel,0,No,80,150,Yes,Mac,Twitter,3,Fall18
5845,2,F,67,135,No,right,2,3,18,6,3.3,13,No,Yes,4,4287,Nobel,4,Yes,58,500,Yes,Mac,Twitter,3,Fall18
8029,2,F,62,130,Yes,right,2,1,NA,6.5,3.5,5,No,No,5,5126,Nobel,4,Yes,62,NA,No,Mac,Instagram,3,Fall18
8624,2,F,64,150,Yes,right,2,2,80,6,2.7,1,Planning,Yes,5,3245,Olympic,4,No,50,500,No,Mac,Snapchat,3,Fall18
7960,2,F,65,150,Yes,right,2,3,30,8,NA,4,Planning,No,4,5378,Nobel,7,No,84,500,Yes,Mac,Snapchat,3,Fall18
2109,2,F,65,130,No,left,3,2,0,7,NA,0,No,No,20,4532,Academy,0,No,68,0,No,Mac,None,3,Fall18
75,2,M,75,200,No,right,2,2,7,6.5,3.3,5,Planning,No,2,4892,Nobel,0,No,60,800,Yes,Mac,Twitter,3,Fall18
8278,1,F,66,118,No,right,1,1,55,4,NA,6,No,Yes,6,9987,Olympic,2,No,60,350,Yes,Mac,Snapchat,3,Fall18
192,2,F,65,190,No,right,4,2,75,7,2.5,14,No,Yes,28,2819,Nobel,0,No,74,0,No,Mac,Snapchat,3,Fall18
1518,1,M,73,175,No,right,3,4,25,5,NA,20,No,Yes,2,4983,Olympic,0,No,70,800,Yes,Mac,Twitter,3,Fall18
1721,2,F,64,170,No,right,0,NA,15,1,NA,5,No,No,14,4792,Academy,7,No,60,2100,Yes,Mac,Instagram,3,Fall18
8655,1,M,66,125,No,right,3,2,NA,7,NA,30,No,Yes,25,7473,Olympic,0,No,84,747,Yes,Mac,Instagram,3,Fall18
5364,1,F,63,107,No,right,2,2,NA,3.5,NA,10,No,Yes,NA,9874,Olympic,2,No,68,100,Yes,Mac,Snapchat,3,Fall18
7861,2,M,72,155,No,right,0,1,12,26,3.52,3,No,No,6,7345,Nobel,1,No,59,0,Yes,Mac,Instagram,3,Fall18
5667,2,M,74,190,Yes,right,2,2,20,2,3,8,No,No,10,1234,Olympic,0,No,48,150,Yes,Mac,Instagram,3,Fall18
2725,1,M,71,165,No,right,1,1,15,5,NA,NA,No,Yes,12,4356,Olympic,0,No,86,NA,No,Mac,Instagram,3,Fall18
3280,2,F,65,117,No,right,1,1,35,8.5,3.94,4,No,No,5,5497,Nobel,0,No,72,NA,Yes,Mac,Snapchat,3,Fall18
NA,2,F,73,167,No,right,3,2,53,11,2.47,2,Planning,No,10,1298,Olympic,5,Yes,77,1500,Yes,Mac,Snapchat,2,Fall18
NA,2,F,68,130,No,right,1,1,100,25,3.4,NA,No,No,8,7856,Academy,2,No,64,50,Yes,Mac,Instagram,2,Fall18
NA,1,M,70,200,No,left,1,1,35,6.5,NA,15,No,Yes,7,1818,Olympic,0,No,83,200,Yes,Mac,Snapchat,2,Fall18
6692,2,M,71,185,No,right,3,2,35,2,3,7,No,Yes,6,4478,Olympic,0,No,70,1000,Yes,Mac,Instagram,2,Fall18
NA,1,M,72,170,No,right,3,2,20,7,NA,10,No,Yes,6,3633,Olympic,0,No,82,300,Yes,Mac,Instagram,2,Fall18
NA,1,M,69,175,No,right,1,2,13,0.2,NA,18,No,Yes,10,1877,Olympic,0,No,74,800,Yes,Mac,Twitter,2,Fall18
NA,1,F,66,145,No,right,1,1,16,6,NA,5,No,No,10,6429,Olympic,0,No,78,0,Yes,Mac,Snapchat,2,Fall18
8316,1,M,71,165,No,right,2,3,20,5.5,NA,12,No,Yes,5,2222,Olympic,0,No,59,800,Yes,Mac,Snapchat,2,Fall18
NA,4,M,70,160,Yes,right,2,2,2,7,3.2,12,No,No,5,3323,Nobel,0,Yes,64,1000,No,Mac,Other,2,Fall18
NA,1,M,74,155,No,right,3,4,22,5,NA,8,Planning,No,2,3642,Olympic,0,No,84,800,Yes,Mac,Instagram,2,Fall18
NA,2,F,67,145,No,right,2,2,80,5.5,3.8,16,No,Yes,15,1860,Olympic,5,Yes,73,300,Yes,Mac,Instagram,2,Fall18
NA,3,F,67,160,No,right,1,2,0,4,3.67,7,No,No,10,7922,Nobel,2,No,69,NA,No,PC,Snapchat,2,Fall18
NA,2,M,69,174,No,right,1,1,0,3.5,3.4,16,No,Yes,10,7643,Olympic,0,Yes,78,274,Yes,Mac,Instagram,2,Fall18
NA,2,M,69,180,No,right,4,2,35,4,2.9,10,No,No,4,1234,Nobel,2,Yes,75,0,No,PC,Instagram,2,Fall18
NA,2,F,66,130,No,right,1,2,60,7,3.4,10,No,Yes,2,1467,Nobel,2,No,61,550,No,Mac,Snapchat,2,Fall18
NA,1,F,70,135,No,right,1,1,120,0.3,NA,10,No,Yes,5,7866,Academy,2,No,92,410,Yes,Mac,Snapchat,2,Fall18
NA,2,F,68,145,No,right,1,2,60,6,3.64,6,Planning,No,6,4414,Academy,4,No,61,700,No,Mac,Instagram,2,Fall18
NA,2,F,62,134,No,right,1,1,35,5,3.7,9,No,No,7,2613,Olympic,2,No,52,261,No,Mac,Instagram,2,Fall18
NA,2,F,70,160,No,right,2,1,70,19,3.3,10,No,Yes,7,1273,Olympic,7,No,67,500,Yes,Mac,Snapchat,2,Fall18
NA,2,F,66,145,No,right,1,1,300,12,3.7,10,Planning,Yes,2,4818,Olympic,4,No,65,800,Yes,Mac,Instagram,2,Fall18
NA,2,F,66,145,No,right,1,1,300,12,3.7,10,Planning,Yes,2,4818,Olympic,4,No,65,800,Yes,Mac,Instagram,2,Fall18
NA,2,M,67,150,Yes,right,0,1,5,13,3,2,No,No,10,8888,Nobel,0,No,82,50,Yes,PC,Other,2,Fall18
NA,1,M,75,210,No,right,1,1,22,3.5,NA,15,No,Yes,10,4769,Olympic,0,No,56,100,Yes,Mac,Instagram,2,Fall18
NA,2,F,62,135,No,right,2,2,165,6,3.2,5,No,Yes,6,8742,Olympic,2,No,68,600,No,Mac,Snapchat,2,Fall18
4944,2,M,71,225,Yes,right,2,2,33,6.5,2.3,3,No,No,14,7676,Nobel,0,No,61,2000,Yes,Mac,Instagram,2,Fall18
NA,2,M,70,136,No,right,0,1,105,22,3.5,5,No,No,8,2821,Nobel,0,No,55,140,No,PC,Other,2,Fall18
NA,1,M,71,170,No,left,0,1,30,4.5,NA,14,No,Yes,2,1111,Nobel,0,No,80,5,Yes,NA,Snapchat,2,Fall18
1018,3,M,72,160,No,right,1,1,54,6.5,2,21,No,Yes,11,3145,Olympic,0,No,50,1000,Yes,PC,Facebook,2,Fall18
NA,2,F,64,125,No,left,1,1,130,22,3.2,7,No,No,21,7733,Nobel,2,No,50,1600,No,Mac,Instagram,2,Fall18
NA,2,F,62,148,No,right,2,3,15,24,3.6,3,No,No,1,4335,Nobel,2,No,56,600,Yes,Mac,Snapchat,2,Fall18
NA,2,F,64,107,No,right,1,2,135,NA,3,1,Planning,No,2,7253,Nobel,2,No,80,800,No,Mac,Snapchat,2,Fall18
NA,2,F,64,130,No,right,2,3,80,3,3.75,7,No,Yes,7,7781,Nobel,2,No,57,500,Yes,Mac,Snapchat,2,Fall18
NA,4,F,67,180,No,right,2,1,100,9,3.3,15,No,Yes,6,1111,Olympic,2,No,68,0,No,Mac,Instagram,2,Fall18
NA,2,F,63,115,No,right,3,4,150,24,2.3,5,No,No,14,1224,Academy,0,No,65,0,No,Mac,Other,2,Fall18
NA,2,M,71,159,No,right,1,2,30,6,3.2,7,Planning,No,3,6623,Nobel,0,No,76,700,Yes,Mac,Snapchat,2,Fall18
NA,3,F,66,135,NA,right,1,2,85,5.5,3.3,7,Yes,No,7,3125,Olympic,5,No,74,1100,Yes,Mac,Instagram,2,Fall18
NA,2,F,62,130,No,right,2,2,20,3,3,4,No,Yes,20,2411,Academy,2,No,61,220,Yes,PC,Snapchat,2,Fall18
NA,3,F,67,150,No,right,1,2,20,8,NA,5,No,No,7,9624,Nobel,3,No,70,900,No,Mac,Instagram,2,Fall18
NA,2,M,67,145,No,left,0,1,12,1,3.7,2,No,No,5,9884,Nobel,0,No,84,0,Yes,Mac,Twitter,2,Fall18
9931,1,F,65,120,No,right,3,1,80,6,NA,18,No,Yes,9,5820,Olympic,4,No,NA,700,Yes,Mac,Snapchat,4,Fall18
6327,2,M,72,185,Yes,right,2,3,30,16,2.8,15,No,Yes,8,6327,Olympic,0,Yes,65,0,Yes,Mac,Instagram,4,Fall18
8964,2,M,74,205,Yes,right,1,1,48,18,3.3,16,No,Yes,10,2171,Nobel,0,Yes,80,500,Yes,Mac,Snapchat,4,Fall18
2325,4,M,75,190,No,right,1,2,0,3,3.4,18,No,Yes,10,3724,Olympic,0,No,50,452,Yes,PC,Instagram,4,Fall18
8600,2,M,72,180,No,left,1,2,20,2,3.85,8,No,No,10,7892,Nobel,0,No,66,400,Yes,Mac,Instagram,4,Fall18
8706,2,M,69,180,Yes,both,1,1,30,16,3,7,No,Yes,10,7289,Olympic,0,No,83,300,Yes,Mac,Snapchat,4,Fall18
1161,2,F,55,140,No,right,2,3,65,4,3,12,No,Yes,4,3874,Olympic,2,No,110,900,No,Mac,Instagram,4,Fall18
3703,2,M,70,175,No,right,1,2,25,2.15,3.15,16,No,Yes,6,8675,Olympic,0,No,80,250,Yes,PC,Snapchat,4,Fall18
1551,2,M,70,170,No,right,2,1,30,8,3.2,3,No,No,5,6524,Olympic,0,No,60,700,No,Mac,Instagram,4,Fall18
419,2,M,69,182,No,right,1,2,38,6,3.25,5,No,No,10,1427,Olympic,0,No,64,3,Yes,Mac,Instagram,4,Fall18
4416,2,F,64,130,No,right,1,2,50,5.5,3.4,4,Planning,Yes,5,2723,Olympic,0,Yes,60,500,Yes,Mac,Instagram,4,Fall18
68,2,F,66,NA,No,right,1,1,20,7,3.5,12,Planning,Yes,2,5930,Academy,4,No,NA,NA,Yes,Mac,Snapchat,4,Fall18
8296,2,M,69,150,No,right,1,2,20,7,3.43,30,No,No,7,7496,Nobel,0,No,54,270,No,PC,None,4,Fall18
6963,2,F,66,105,No,right,2,1,90,6,3.6,3,No,No,10,7519,Nobel,4,No,70,250,Yes,Mac,Instagram,4,Fall18
7136,1,M,71,185,No,right,1,2,31,5,NA,10,No,Yes,15,8392,Olympic,0,No,60,350,Yes,Mac,Instagram,4,Fall18
2722,2,F,66,145,No,right,2,2,0,6.5,3.7,10,No,Yes,2,7598,Nobel,0,No,55,500,Yes,PC,Other,4,Fall18
8594,2,F,67,130,No,right,2,1,30,6,2.5,9,Planning,Yes,4,3479,Olympic,7,Yes,84,1000,No,Mac,Snapchat,4,Fall18
8791,2,F,68,145,No,right,1,1,35,5,3.7,10,No,Yes,5,8888,Olympic,6,Yes,91,700,No,Mac,Snapchat,4,Fall18
622,1,F,64,125,No,right,2,2,20,8,NA,4,No,No,5,6485,Nobel,4,No,NA,100,No,Mac,Snapchat,4,Fall18
5646,2,M,71,164,No,left,2,3,10,2,3,20,No,Yes,10,3735,Olympic,0,No,60,800,Yes,Mac,Snapchat,4,Fall18
8898,1,F,62,125,No,right,1,2,10,6.5,NA,14,No,Yes,6,5896,Olympic,2,No,42,0,No,Mac,Instagram,4,Fall18
6627,1,M,71,160,No,left,1,2,12,5,NA,16,No,Yes,5,4469,Olympic,0,No,36,300,Yes,Mac,Snapchat,4,Fall18
2251,3,F,67,190,No,right,5,3,85,5,2.8,2,No,No,10,9105,Academy,10,Yes,85,400,Yes,Mac,Snapchat,4,Fall18
1214,1,F,66,145,No,right,2,3,60,5,NA,10,No,No,8,8743,Olympic,5,No,67,500,No,Mac,Snapchat,4,Fall18
776,1,F,66,170,No,right,2,2,30,3,NA,15,No,Yes,8,623,Olympic,7,Yes,71,300,Yes,Mac,Snapchat,4,Fall18
4258,2,F,61,120,No,right,2,2,40,6,3.7,10,No,No,4,5083,Olympic,2,No,75,381,Yes,Mac,Snapchat,4,Fall18
1740,2,F,56,109,No,right,1,1,250,20,3.7,2,No,No,12,7474,Academy,2,No,76,500,No,Mac,Instagram,4,Fall18
NA,2,F,66,125,No,right,0,1,55,4,3.7,10,Planning,Yes,5,2789,Nobel,3,No,NA,70,No,Mac,Instagram,7,Fall18
3650,3,M,72,185,No,right,0,1,7,0.5,3.94,10,No,No,15,5676,Olympic,0,No,64,600,Yes,PC,Instagram,7,Fall18
5698,2,M,72,180,Yes,right,4,4,20,6,3.33,4,Planning,No,10,5631,Nobel,0,No,70,1000,Yes,Mac,Instagram,7,Fall18
1436,2,M,71,160,No,right,2,1,18,4.5,3.7,15,No,No,5,6969,Olympic,0,No,65,500,Yes,Mac,Instagram,7,Fall18
6605,2,M,72,200,Yes,right,3,1,20,6,3.35,24,No,Yes,16,9999,Nobel,0,No,60,1000,Yes,PC,Twitter,7,Fall18
9178,2,M,69,270,No,right,2,3,20,5,3.25,15,No,Yes,13,5895,Nobel,0,No,NA,600,Yes,Mac,Twitter,7,Fall18
2207,1,M,69,185,No,right,2,2,10,7,NA,20,No,Yes,20,456,Nobel,0,No,NA,0,No,Mac,Instagram,7,Fall18
7447,1,F,71,140,No,right,1,1,110,1,NA,5,No,NA,4,1609,Academy,7,No,45,700,Yes,Mac,Facebook,7,Fall18
4387,1,F,63,135,No,right,1,2,70,3.5,NA,12,No,Yes,5,7594,Olympic,6,No,79,0,Yes,Mac,Snapchat,7,Fall18
417,2,F,62,120,Yes,right,1,2,200,6.5,3,30,Planning,Yes,10,3728,Olympic,6,No,60,300,Yes,Mac,Snapchat,7,Fall18
6371,2,F,66,150,No,right,1,2,0,6,3.5,2,No,No,6,4734,Nobel,5,No,NA,100,Yes,Mac,Snapchat,7,Fall18
2044,2,F,62,110,No,left,1,2,120,6,NA,14,No,Yes,3,1234,Olympic,2,No,NA,2000,Yes,Mac,Instagram,7,Fall18
7860,2,F,55,130,No,left,0,1,100,20,3.4,2,No,No,3,8888,Academy,0,No,83,775,No,Mac,Instagram,7,Fall18
2712,1,M,74,162,No,right,2,3,14,10,NA,12,No,Yes,7,1598,Olympic,0,No,62,713,Yes,Mac,Snapchat,7,Fall18
1994,3,F,68,145,No,right,1,1,140,7,3,4,Planning,No,4,2312,Nobel,2,No,68,1246,Yes,Mac,Snapchat,7,Fall18
5982,3,M,69,154,No,right,0,1,15,7,2.95,20,Yes,No,3,9999,Olympic,0,No,75,775,No,Mac,Snapchat,7,Fall18
9830,2,F,63,120,No,left,1,1,80,8,3.67,20,Planning,Yes,3,3333,Olympic,1,No,80,1098,Yes,Mac,Instagram,7,Fall18
4205,1,M,68,140,No,right,0,1,22,6,NA,10,No,Yes,10,6398,Olympic,0,No,70,259,Yes,Mac,Snapchat,7,Fall18
9918,1,F,65,115,No,right,1,1,65,4.5,3.3,10,Planning,Yes,4,5654,Olympic,2,NA,70,650,Yes,Mac,Snapchat,5,Fall18
8272,3,F,70,230,No,right,1,1,10,3,3.55,5,No,No,7,1256,Nobel,4,No,68,200,No,Mac,Snapchat,5,Fall18
6005,2,F,64,140,No,left,2,1,35,6,3.78,7,Planning,No,5,5648,Nobel,6,No,76,500,Yes,Mac,Instagram,5,Fall18
2025,3,M,75,185,No,right,1,2,25,4,3.7,15,No,Yes,6,1361,Nobel,0,No,58,160,No,Mac,Instagram,5,Fall18
9716,3,F,69,142,No,right,1,2,0,2.25,3.24,15,No,Yes,2,6738,Nobel,8,Yes,54,600,Yes,Mac,Other,5,Fall18
6662,3,M,71,180,Yes,right,1,2,20,10,3.7,10,No,No,10,9264,Nobel,0,No,70,900,Yes,Mac,Snapchat,5,Fall18
6842,3,M,72,150,Yes,right,1,1,20,6,3,5,Yes,No,10,7789,Nobel,2,No,70,800,Yes,Mac,Instagram,5,Fall18
3632,3,M,67,170,No,right,3,3,0,6,2.75,12,No,Yes,7,9437,Olympic,0,No,78,1000,No,Mac,Snapchat,5,Fall18
8892,2,F,65,145,No,right,1,2,30,6.5,3.2,2,No,No,8,6589,Nobel,2,No,92,120,Yes,Mac,Instagram,5,Fall18
6040,3,F,60,115,No,right,2,3,20,4,NA,2,No,NA,3,5732,NA,1,No,68,500,Yes,Mac,Instagram,5,Fall18
4330,2,M,70,155,No,right,3,2,17,5.5,3.1,8,No,No,15,5946,Olympic,0,No,54,1000,Yes,Mac,Other,5,Fall18
3905,2,F,66,120,No,right,2,2,35,3.5,3.3,3,Planning,No,4,1689,Olympic,2,Yes,52,1000,Yes,Mac,Snapchat,5,Fall18
1068,2,F,64,136,Yes,right,1,1,15,12,3.4,7,No,No,3,2608,Nobel,7,Yes,100,800,Yes,PC,Twitter,5,Fall18
5860,3,M,73,226,No,right,0,1,30,3.5,3,12,Planning,Yes,6,7890,Nobel,0,No,60,1200,Yes,Mac,Snapchat,5,Fall18
9964,2,F,68,185,No,right,2,2,45,3.5,3.6,2,Planning,No,8,942,Nobel,5,Yes,47,0,No,Mac,Snapchat,5,Fall18
7594,2,F,66,130,No,right,1,1,128,20,3,6,No,No,10,3657,Academy,2,No,NA,850,No,Mac,Instagram,5,Fall18
1241,2,F,67,175,Yes,right,1,2,70,3.5,3.6,12,No,Yes,2,9564,Olympic,3,No,56,800,Yes,Mac,Instagram,5,Fall18
419,2,M,73,185,No,right,2,3,20,6.5,3,8,Planning,No,10,5438,Olympic,0,No,59,1000,Yes,Mac,Snapchat,5,Fall18
7850,2,F,66,173,No,right,3,3,35,1.5,2.94,6,No,No,7,6932,Nobel,4,No,72,391,Yes,Mac,Instagram,5,Fall18
1316,2,F,62,130,No,right,2,1,40,8,3.2,12,No,Yes,12,6291,Nobel,2,No,NA,50,No,Mac,Other,5,Fall18
7297,2,M,76,208,No,right,1,2,17,6,2.7,30,No,Yes,20,5345,Olympic,0,No,62,600,No,Mac,Instagram,5,Fall18
7600,2,F,64,110,No,right,2,2,40,5,3.1,10,No,Yes,8,2242,Olympic,2,No,65,300,No,Mac,Snapchat,5,Fall18
5714,2,F,67,150,Yes,right,3,4,0,6,3,0,No,No,10,530,Academy,4,Yes,65,500,No,PC,Snapchat,5,Fall18
5544,2,M,76,250,No,right,1,2,10,8,3.6,4,No,No,5,3865,Nobel,0,No,50,200,Yes,Mac,Instagram,5,Fall18
NA,2,F,62,102,No,right,5,6,0,20,3.15,5,No,No,4,565,Olympic,5,Yes,65,1500,Yes,PC,Instagram,5,Fall18
1972,2,F,65,NA,No,right,2,3,150,2,3.4,5,No,No,6,2676,Nobel,2,Yes,78,876,Yes,Mac,Snapchat,5,Fall18
627,2,F,64,150,No,right,2,3,25,8,3,7,No,No,4,2558,Olympic,8,No,NA,1000,No,Mac,Snapchat,5,Fall18
802,2,F,66,115,Yes,right,1,1,150,23,3.5,2,No,No,2,8520,Nobel,5,Yes,87,200,No,Mac,Instagram,5,Fall18
6102,2,F,63,129,No,right,2,3,25,2,3.17,5,No,Yes,12,1002,Olympic,2,No,35,300,Yes,PC,Snapchat,5,Fall18
1219,2,F,64,130,No,right,1,2,30,6.5,3.2,5,Planning,No,2,1256,Academy,5,No,120,500,Yes,Mac,Instagram,6,Fall18
953,2,F,66,160,No,left,3,3,5,10,3,0,No,No,NA,256,Nobel,NA,NA,NA,NA,Yes,NA,Instagram,6,Fall18
2324,2,F,67,185,No,right,1,1,0,1,3.2,2,No,No,2,5894,Olympic,5,No,78,215,No,Mac,Instagram,6,Fall18
8255,1,M,74,253,No,right,2,2,35,3,NA,21,No,Yes,10,8756,Olympic,0,No,60,4000,Yes,Mac,Snapchat,6,Fall18
9688,2,F,63,130,Yes,right,2,3,25,6.5,3.7,2,No,No,4,608,Nobel,7,No,62,700,No,PC,Snapchat,6,Fall18
5264,2,M,79,200,No,right,3,3,40,10,2.98,15,No,Yes,4,2613,Olympic,0,No,41,1200,Yes,Mac,Snapchat,6,Fall18
3994,3,M,74,180,No,left,1,1,30,4,3.5,NA,No,No,NA,7777,Nobel,0,No,60,0,Yes,Mac,Twitter,6,Fall18
4646,1,M,68,160,Yes,right,1,1,25,2.25,NA,7,No,No,14,1322,Nobel,0,No,NA,NA,No,Mac,Snapchat,6,Fall18
2633,1,M,72,200,No,right,3,2,35,6,NA,3,No,Yes,12,5362,Olympic,0,No,NA,0,No,Mac,Snapchat,6,Fall18
4721,1,M,69,160,No,right,0,1,18,6.5,NA,21,No,Yes,14,4596,Olympic,0,No,130,600,Yes,Mac,Instagram,6,Fall18
619,2,M,70,265,Yes,right,4,1,25,2,2.5,NA,Planning,No,NA,2625,Olympic,0,No,80,1000,No,Mac,Snapchat,6,Fall18
5131,2,F,64,135,No,right,0,1,90,3,3.4,5,Planning,No,15,888,Olympic,2,No,70,500,Yes,Mac,Instagram,6,Fall18
4409,2,M,72,165,No,right,1,1,20,10,3.21,7,Planning,No,9,1234,Nobel,0,No,74,0,No,Mac,Snapchat,6,Fall18
185,2,M,73,NA,Yes,right,2,2,20,9,3.15,7,Planning,No,5,9482,Nobel,0,No,NA,900,Yes,PC,Instagram,6,Fall18
4141,2,F,67,140,No,right,3,3,60,6.5,3.3,14,No,Yes,14,7321,Olympic,5,No,70,1000,Yes,Mac,Instagram,6,Fall18
2982,4,M,74,177,No,both,0,1,24,18,3.94,12,No,Yes,12,3048,Nobel,0,No,48,500,Yes,Mac,Snapchat,6,Fall18
1372,2,M,69,158,No,right,1,1,0,5.5,3.13,18,No,Yes,10,4857,Nobel,2,No,NA,600,No,Mac,Instagram,6,Fall18
8338,1,F,68,124,No,right,1,1,30,4.5,NA,5,No,No,5,7337,Academy,3,No,100,0,Yes,Mac,Instagram,6,Fall18
8387,2,F,63,145,No,right,2,2,0,7,3.01,3,No,No,0,1234,Nobel,2,Yes,57,300,No,NA,Snapchat,6,Fall18
1831,1,F,68,150,No,right,1,2,NA,6,NA,10,No,Yes,7,2908,Olympic,6,Yes,130,1100,Yes,Mac,Snapchat,6,Fall18
9396,2,M,71,240,No,left,3,2,0,3,3,10,No,Yes,50,70,Nobel,0,No,90,500,Yes,PC,Twitter,6,Fall18
4666,1,M,70,165,No,right,3,4,25,6,NA,15,No,Yes,5,1111,Olympic,0,No,66,500,Yes,Mac,Snapchat,6,Fall18
1023,2,F,66,155,No,right,1,1,0,0.05,3.4,8,Planning,Yes,2,6098,Nobel,8,No,53,230,Yes,Mac,Twitter,6,Fall18
6108,1,F,66,140,No,right,2,1,35,2.5,NA,15,No,Yes,3,6523,Nobel,5,No,60,0,Yes,Mac,Instagram,6,Fall18
340,2,M,74,156,No,right,3,3,12,6,3.23,14,No,Yes,7,9346,Olympic,0,No,50,100,No,Mac,Snapchat,6,Fall18
8479,1,M,70,160,No,right,1,2,0,15,NA,14,No,No,10,1597,Olympic,0,No,84,197,Yes,PC,Twitter,6,Fall18
9055,1,M,72,160,No,right,2,2,30,5.5,NA,9,No,No,5,9387,Nobel,0,No,78,443,Yes,Mac,Instagram,6,Fall18
5776,1,M,67,125,No,right,0,1,14,9,NA,7,Planning,No,15,4444,Nobel,0,No,NA,1000,No,PC,Facebook,6,Fall18
NA,2,M,73,155,No,right,1,2,19,7,NA,8,Planning,No,4,7368,Nobel,0,No,NA,NA,No,Mac,Snapchat,4,Fall18
